{
  "id": "MAP_BATTLE_FRONTIER_BATTLE_TOWER_BATTLE_ROOM",
  "name": "BattleFrontier_BattleTowerBattleRoom",
  "layout": "LAYOUT_BATTLE_FRONTIER_BATTLE_TOWER_BATTLE_ROOM",
  "music": "MUS_B_TOWER",
  "region_map_section": "MAPSEC_BATTLE_FRONTIER",
  "requires_flash": false,
  "weather": "WEATHER_NONE",
  "map_type": "MAP_TYPE_INDOOR",
  "allow_cycling": false,
  "allow_escaping": false,
  "allow_running": false,
  "show_map_name": false,
  "battle_scene": "MAP_BATTLE_SCENE_FRONTIER",
  "connections": null,
  "object_events": [
    {
      "local_id": "LOCALID_TOWER_BATTLE_OPPONENT",
      "graphics_id": "OBJ_EVENT_GFX_VAR_0",
      "x": 5,
      "y": 1,
      "elevation": 3,
      "movement_type": "MOVEMENT_TYPE_FACE_DOWN",
      "movement_range_x": 0,
      "movement_range_y": 0,
      "trainer_type": "TRAINER_TYPE_NONE",
      "trainer_sight_or_berry_tree_id": "0",
      "script": "0x0",
      "flag": "FLAG_HIDE_BATTLE_TOWER_OPPONENT"
    },
    {
      "local_id": "LOCALID_TOWER_BATTLE_ATTENDANT_1",
      "graphics_id": "OBJ_EVENT_GFX_TEALA",
      "x": 1,
      "y": 7,
      "elevation": 3,
      "movement_type": "MOVEMENT_TYPE_FACE_RIGHT",
      "movement_range_x": 0,
      "movement_range_y": 0,
      "trainer_type": "TRAINER_TYPE_NONE",
      "trainer_sight_or_berry_tree_id": "0",
      "script": "0x0",
      "flag": "0"
    },
    {
      "local_id": "LOCALID_TOWER_BATTLE_ATTENDANT_2",
      "graphics_id": "OBJ_EVENT_GFX_TEALA",
      "x": 4,
      "y": 8,
      "elevation": 3,
      "movement_type": "MOVEMENT_TYPE_FACE_UP",
      "movement_range_x": 0,
      "movement_range_y": 0,
      "trainer_type": "TRAINER_TYPE_NONE",
      "trainer_sight_or_berry_tree_id": "0",
      "script": "0x0",
      "flag": "0"
    }
  ],
  "warp_events": [
    {
      "x": 5,
      "y": 8,
      "elevation": 0,
      "dest_map": "MAP_BATTLE_FRONTIER_BATTLE_TOWER_LOBBY",
      "dest_warp_id": "2"
    },
    {
      "x": 6,
      "y": 8,
      "elevation": 0,
      "dest_map": "MAP_BATTLE_FRONTIER_BATTLE_TOWER_LOBBY",
      "dest_warp_id": "2"
    }
  ],
  "coord_events": [],
  "bg_events": []
}
