{
  "id": "MAP_BATTLE_FRONTIER_BATTLE_TOWER_MULTI_PARTNER_ROOM",
  "name": "BattleFrontier_BattleTowerMultiPartnerRoom",
  "layout": "LAYOUT_BATTLE_FRONTIER_BATTLE_TOWER_MULTI_PARTNER_ROOM",
  "music": "MUS_B_TOWER",
  "region_map_section": "MAPSEC_BATTLE_FRONTIER",
  "requires_flash": false,
  "weather": "WEATHER_NONE",
  "map_type": "MAP_TYPE_INDOOR",
  "allow_cycling": false,
  "allow_escaping": false,
  "allow_running": true,
  "show_map_name": false,
  "battle_scene": "MAP_BATTLE_SCENE_NORMAL",
  "connections": null,
  "object_events": [
    {
      "local_id": "LOCALID_TOWER_PARTNER_ROOM_ATTENDANT",
      "graphics_id": "OBJ_EVENT_GFX_TEALA",
      "x": 11,
      "y": 2,
      "elevation": 3,
      "movement_type": "MOVEMENT_TYPE_FACE_DOWN",
      "movement_range_x": 1,
      "movement_range_y": 1,
      "trainer_type": "TRAINER_TYPE_NONE",
      "trainer_sight_or_berry_tree_id": "0",
      "script": "BattleFrontier_BattleTowerMultiPartnerRoom_EventScript_Attendant",
      "flag": "0"
    },
    {
      "graphics_id": "OBJ_EVENT_GFX_VAR_0",
      "x": 2,
      "y": 10,
      "elevation": 3,
      "movement_type": "MOVEMENT_TYPE_LOOK_AROUND",
      "movement_range_x": 1,
      "movement_range_y": 1,
      "trainer_type": "TRAINER_TYPE_NONE",
      "trainer_sight_or_berry_tree_id": "0",
      "script": "BattleFrontier_BattleTowerMultiPartnerRoom_EventScript_Partner1",
      "flag": "FLAG_HIDE_BATTLE_TOWER_MULTI_BATTLE_PARTNER_1"
    },
    {
      "graphics_id": "OBJ_EVENT_GFX_VAR_1",
      "x": 17,
      "y": 11,
      "elevation": 3,
      "movement_type": "MOVEMENT_TYPE_FACE_LEFT_AND_RIGHT",
      "movement_range_x": 1,
      "movement_range_y": 1,
      "trainer_type": "TRAINER_TYPE_NONE",
      "trainer_sight_or_berry_tree_id": "0",
      "script": "BattleFrontier_BattleTowerMultiPartnerRoom_EventScript_Partner2",
      "flag": "FLAG_HIDE_BATTLE_TOWER_MULTI_BATTLE_PARTNER_2"
    },
    {
      "graphics_id": "OBJ_EVENT_GFX_VAR_2",
      "x": 6,
      "y": 9,
      "elevation": 3,
      "movement_type": "MOVEMENT_TYPE_LOOK_AROUND",
      "movement_range_x": 1,
      "movement_range_y": 1,
      "trainer_type": "TRAINER_TYPE_NONE",
      "trainer_sight_or_berry_tree_id": "0",
      "script": "BattleFrontier_BattleTowerMultiPartnerRoom_EventScript_Partner3",
      "flag": "FLAG_HIDE_BATTLE_TOWER_MULTI_BATTLE_PARTNER_3"
    },
    {
      "graphics_id": "OBJ_EVENT_GFX_VAR_3",
      "x": 8,
      "y": 13,
      "elevation": 3,
      "movement_type": "MOVEMENT_TYPE_LOOK_AROUND",
      "movement_range_x": 1,
      "movement_range_y": 1,
      "trainer_type": "TRAINER_TYPE_NONE",
      "trainer_sight_or_berry_tree_id": "0",
      "script": "BattleFrontier_BattleTowerMultiPartnerRoom_EventScript_Partner4",
      "flag": "FLAG_HIDE_BATTLE_TOWER_MULTI_BATTLE_PARTNER_4"
    },
    {
      "graphics_id": "OBJ_EVENT_GFX_VAR_4",
      "x": 10,
      "y": 11,
      "elevation": 3,
      "movement_type": "MOVEMENT_TYPE_FACE_UP",
      "movement_range_x": 1,
      "movement_range_y": 1,
      "trainer_type": "TRAINER_TYPE_NONE",
      "trainer_sight_or_berry_tree_id": "0",
      "script": "BattleFrontier_BattleTowerMultiPartnerRoom_EventScript_Partner5",
      "flag": "FLAG_HIDE_BATTLE_TOWER_MULTI_BATTLE_PARTNER_5"
    },
    {
      "graphics_id": "OBJ_EVENT_GFX_VAR_5",
      "x": 13,
      "y": 10,
      "elevation": 3,
      "movement_type": "MOVEMENT_TYPE_FACE_RIGHT",
      "movement_range_x": 1,
      "movement_range_y": 1,
      "trainer_type": "TRAINER_TYPE_NONE",
      "trainer_sight_or_berry_tree_id": "0",
      "script": "BattleFrontier_BattleTowerMultiPartnerRoom_EventScript_Partner6",
      "flag": "FLAG_HIDE_BATTLE_TOWER_MULTI_BATTLE_PARTNER_6"
    },
    {
      "graphics_id": "OBJ_EVENT_GFX_VAR_6",
      "x": 15,
      "y": 13,
      "elevation": 3,
      "movement_type": "MOVEMENT_TYPE_FACE_UP_AND_LEFT",
      "movement_range_x": 1,
      "movement_range_y": 1,
      "trainer_type": "TRAINER_TYPE_NONE",
      "trainer_sight_or_berry_tree_id": "0",
      "script": "BattleFrontier_BattleTowerMultiPartnerRoom_EventScript_Partner7",
      "flag": "FLAG_HIDE_BATTLE_TOWER_MULTI_BATTLE_PARTNER_ALT_1"
    },
    {
      "graphics_id": "OBJ_EVENT_GFX_VAR_7",
      "x": 4,
      "y": 12,
      "elevation": 3,
      "movement_type": "MOVEMENT_TYPE_FACE_RIGHT",
      "movement_range_x": 1,
      "movement_range_y": 1,
      "trainer_type": "TRAINER_TYPE_NONE",
      "trainer_sight_or_berry_tree_id": "0",
      "script": "BattleFrontier_BattleTowerMultiPartnerRoom_EventScript_Partner8",
      "flag": "FLAG_HIDE_BATTLE_TOWER_MULTI_BATTLE_PARTNER_ALT_2"
    }
  ],
  "warp_events": [],
  "coord_events": [],
  "bg_events": []
}
