{
  "id": "MAP_LITTLEROOT_TOWN_PROFESSOR_BIRCHS_LAB",
  "name": "LittlerootTown_ProfessorBirchsLab",
  "layout": "LAYOUT_LITTLEROOT_TOWN_PROFESSOR_BIRCHS_LAB",
  "music": "MUS_BIRCH_LAB",
  "region_map_section": "MAPSEC_LITTLEROOT_TOWN",
  "requires_flash": false,
  "weather": "WEATHER_NONE",
  "map_type": "MAP_TYPE_INDOOR",
  "allow_cycling": false,
  "allow_escaping": false,
  "allow_running": false,
  "show_map_name": false,
  "battle_scene": "MAP_BATTLE_SCENE_NORMAL",
  "connections": null,
  "object_events": [
    {
      "local_id": "LOCALID_BIRCHS_LAB_AIDE",
      "graphics_id": "OBJ_EVENT_GFX_SCIENTIST_1",
      "x": 9,
      "y": 8,
      "elevation": 3,
      "movement_type": "MOVEMENT_TYPE_WANDER_AROUND",
      "movement_range_x": 1,
      "movement_range_y": 1,
      "trainer_type": "TRAINER_TYPE_NONE",
      "trainer_sight_or_berry_tree_id": "0",
      "script": "LittlerootTown_ProfessorBirchsLab_EventScript_Aide",
      "flag": "0"
    },
    {
      "local_id": "LOCALID_BIRCHS_LAB_BIRCH",
      "graphics_id": "OBJ_EVENT_GFX_PROF_BIRCH",
      "x": 6,
      "y": 4,
      "elevation": 3,
      "movement_type": "MOVEMENT_TYPE_FACE_DOWN",
      "movement_range_x": 0,
      "movement_range_y": 0,
      "trainer_type": "TRAINER_TYPE_NONE",
      "trainer_sight_or_berry_tree_id": "0",
      "script": "LittlerootTown_ProfessorBirchsLab_EventScript_Birch",
      "flag": "FLAG_HIDE_LITTLEROOT_TOWN_BIRCHS_LAB_BIRCH"
    },
    {
      "local_id": "LOCALID_BIRCHS_LAB_RIVAL",
      "graphics_id": "OBJ_EVENT_GFX_VAR_0",
      "x": 7,
      "y": 4,
      "elevation": 3,
      "movement_type": "MOVEMENT_TYPE_FACE_DOWN",
      "movement_range_x": 1,
      "movement_range_y": 1,
      "trainer_type": "TRAINER_TYPE_NONE",
      "trainer_sight_or_berry_tree_id": "0",
      "script": "LittlerootTown_ProfessorBirchsLab_EventScript_Rival",
      "flag": "FLAG_HIDE_LITTLEROOT_TOWN_BIRCHS_LAB_RIVAL"
    },
    {
      "local_id": "LOCALID_BIRCHS_LAB_CYNDAQUIL_BALL",
      "graphics_id": "OBJ_EVENT_GFX_ITEM_BALL",
      "x": 6,
      "y": 8,
      "elevation": 3,
      "movement_type": "MOVEMENT_TYPE_FACE_DOWN",
      "movement_range_x": 1,
      "movement_range_y": 1,
      "trainer_type": "TRAINER_TYPE_NONE",
      "trainer_sight_or_berry_tree_id": "0",
      "script": "LittlerootTown_ProfessorBirchsLab_EventScript_Cyndaquil",
      "flag": "FLAG_HIDE_LITTLEROOT_TOWN_BIRCHS_LAB_POKEBALL_CYNDAQUIL"
    },
    {
      "local_id": "LOCALID_BIRCHS_LAB_TOTODILE_BALL",
      "graphics_id": "OBJ_EVENT_GFX_ITEM_BALL",
      "x": 6,
      "y": 8,
      "elevation": 3,
      "movement_type": "MOVEMENT_TYPE_FACE_DOWN",
      "movement_range_x": 1,
      "movement_range_y": 1,
      "trainer_type": "TRAINER_TYPE_NONE",
      "trainer_sight_or_berry_tree_id": "0",
      "script": "LittlerootTown_ProfessorBirchsLab_EventScript_Totodile",
      "flag": "FLAG_HIDE_LITTLEROOT_TOWN_BIRCHS_LAB_POKEBALL_TOTODILE"
    },
    {
      "local_id": "LOCALID_BIRCHS_LAB_CHIKORITA_BALL",
      "graphics_id": "OBJ_EVENT_GFX_ITEM_BALL",
      "x": 6,
      "y": 8,
      "elevation": 3,
      "movement_type": "MOVEMENT_TYPE_FACE_DOWN",
      "movement_range_x": 1,
      "movement_range_y": 1,
      "trainer_type": "TRAINER_TYPE_NONE",
      "trainer_sight_or_berry_tree_id": "0",
      "script": "LittlerootTown_ProfessorBirchsLab_EventScript_Chikorita",
      "flag": "FLAG_HIDE_LITTLEROOT_TOWN_BIRCHS_LAB_POKEBALL_CHIKORITA"
    }
  ],
  "warp_events": [
    {
      "x": 6,
      "y": 12,
      "elevation": 0,
      "dest_map": "MAP_LITTLEROOT_TOWN",
      "dest_warp_id": "2"
    },
    {
      "x": 7,
      "y": 12,
      "elevation": 0,
      "dest_map": "MAP_LITTLEROOT_TOWN",
      "dest_warp_id": "2"
    }
  ],
  "coord_events": [],
  "bg_events": [
    {
      "type": "sign",
      "x": 10,
      "y": 7,
      "elevation": 0,
      "player_facing_dir": "BG_EVENT_PLAYER_FACING_NORTH",
      "script": "LittlerootTown_ProfessorBirchsLab_EventScript_Machine"
    },
    {
      "type": "sign",
      "x": 11,
      "y": 7,
      "elevation": 0,
      "player_facing_dir": "BG_EVENT_PLAYER_FACING_NORTH",
      "script": "LittlerootTown_ProfessorBirchsLab_EventScript_Machine"
    },
    {
      "type": "sign",
      "x": 7,
      "y": 1,
      "elevation": 0,
      "player_facing_dir": "BG_EVENT_PLAYER_FACING_ANY",
      "script": "LittlerootTown_ProfessorBirchsLab_EventScript_Book"
    },
    {
      "type": "sign",
      "x": 8,
      "y": 1,
      "elevation": 0,
      "player_facing_dir": "BG_EVENT_PLAYER_FACING_ANY",
      "script": "LittlerootTown_ProfessorBirchsLab_EventScript_Book"
    },
    {
      "type": "sign",
      "x": 1,
      "y": 1,
      "elevation": 0,
      "player_facing_dir": "BG_EVENT_PLAYER_FACING_ANY",
      "script": "LittlerootTown_ProfessorBirchsLab_EventScript_Bookshelf"
    },
    {
      "type": "sign",
      "x": 0,
      "y": 7,
      "elevation": 0,
      "player_facing_dir": "BG_EVENT_PLAYER_FACING_ANY",
      "script": "LittlerootTown_ProfessorBirchsLab_EventScript_Bookshelf"
    },
    {
      "type": "sign",
      "x": 1,
      "y": 7,
      "elevation": 0,
      "player_facing_dir": "BG_EVENT_PLAYER_FACING_ANY",
      "script": "LittlerootTown_ProfessorBirchsLab_EventScript_Bookshelf"
    },
    {
      "type": "sign",
      "x": 2,
      "y": 7,
      "elevation": 0,
      "player_facing_dir": "BG_EVENT_PLAYER_FACING_ANY",
      "script": "LittlerootTown_ProfessorBirchsLab_EventScript_Bookshelf"
    },
    {
      "type": "sign",
      "x": 3,
      "y": 7,
      "elevation": 0,
      "player_facing_dir": "BG_EVENT_PLAYER_FACING_ANY",
      "script": "LittlerootTown_ProfessorBirchsLab_EventScript_Bookshelf"
    },
    {
      "type": "sign",
      "x": 4,
      "y": 1,
      "elevation": 0,
      "player_facing_dir": "BG_EVENT_PLAYER_FACING_ANY",
      "script": "LittlerootTown_ProfessorBirchsLab_EventScript_PC"
    },
    {
      "type": "sign",
      "x": 3,
      "y": 1,
      "elevation": 0,
      "player_facing_dir": "BG_EVENT_PLAYER_FACING_ANY",
      "script": "LittlerootTown_ProfessorBirchsLab_EventScript_PC"
    },
    {
      "type": "sign",
      "x": 1,
      "y": 10,
      "elevation": 0,
      "player_facing_dir": "BG_EVENT_PLAYER_FACING_ANY",
      "script": "LittlerootTown_ProfessorBirchsLab_EventScript_PC"
    },
    {
      "type": "sign",
      "x": 1,
      "y": 9,
      "elevation": 0,
      "player_facing_dir": "BG_EVENT_PLAYER_FACING_ANY",
      "script": "LittlerootTown_ProfessorBirchsLab_EventScript_PC"
    },
    {
      "type": "sign",
      "x": 11,
      "y": 10,
      "elevation": 0,
      "player_facing_dir": "BG_EVENT_PLAYER_FACING_ANY",
      "script": "LittlerootTown_ProfessorBirchsLab_EventScript_PC"
    },
    {
      "type": "sign",
      "x": 11,
      "y": 9,
      "elevation": 0,
      "player_facing_dir": "BG_EVENT_PLAYER_FACING_ANY",
      "script": "LittlerootTown_ProfessorBirchsLab_EventScript_PC"
    }
  ]
}
