{
  "id": "MAP_ROUTE109",
  "name": "Route109",
  "layout": "LAYOUT_ROUTE109",
  "music": "MUS_ROUTE104",
  "region_map_section": "MAPSEC_ROUTE_109",
  "requires_flash": false,
  "weather": "WEATHER_SUNNY",
  "map_type": "MAP_TYPE_ROUTE",
  "allow_cycling": true,
  "allow_escaping": false,
  "allow_running": true,
  "show_map_name": true,
  "battle_scene": "MAP_BATTLE_SCENE_NORMAL",
  "connections": [
    {
      "map": "MAP_SLATEPORT_CITY",
      "offset": 0,
      "direction": "up"
    },
    {
      "map": "MAP_ROUTE108",
      "offset": 40,
      "direction": "left"
    }
  ],
  "object_events": [
    {
      "local_id": "LOCALID_ROUTE109_BOAT",
      "graphics_id": "OBJ_EVENT_GFX_MR_BRINEYS_BOAT",
      "x": 21,
      "y": 26,
      "elevation": 1,
      "movement_type": "MOVEMENT_TYPE_FACE_UP",
      "movement_range_x": 0,
      "movement_range_y": 0,
      "trainer_type": "TRAINER_TYPE_NONE",
      "trainer_sight_or_berry_tree_id": "0",
      "script": "0x0",
      "flag": "FLAG_HIDE_ROUTE_109_MR_BRINEY_BOAT"
    },
    {
      "local_id": "LOCALID_ROUTE109_BRINEY",
      "graphics_id": "OBJ_EVENT_GFX_EXPERT_M",
      "x": 21,
      "y": 24,
      "elevation": 3,
      "movement_type": "MOVEMENT_TYPE_FACE_UP",
      "movement_range_x": 0,
      "movement_range_y": 0,
      "trainer_type": "TRAINER_TYPE_NONE",
      "trainer_sight_or_berry_tree_id": "0",
      "script": "Route109_EventScript_MrBriney",
      "flag": "FLAG_HIDE_ROUTE_109_MR_BRINEY"
    },
    {
      "graphics_id": "OBJ_EVENT_GFX_SWIMMER_M",
      "x": 12,
      "y": 36,
      "elevation": 3,
      "movement_type": "MOVEMENT_TYPE_FACE_RIGHT",
      "movement_range_x": 0,
      "movement_range_y": 0,
      "trainer_type": "TRAINER_TYPE_NORMAL",
      "trainer_sight_or_berry_tree_id": "5",
      "script": "Route109_EventScript_David",
      "flag": "0"
    },
    {
      "graphics_id": "OBJ_EVENT_GFX_SWIMMER_F",
      "x": 25,
      "y": 39,
      "elevation": 1,
      "movement_type": "MOVEMENT_TYPE_FACE_UP_AND_LEFT",
      "movement_range_x": 0,
      "movement_range_y": 0,
      "trainer_type": "TRAINER_TYPE_NORMAL",
      "trainer_sight_or_berry_tree_id": "5",
      "script": "Route109_EventScript_Alice",
      "flag": "0"
    },
    {
      "graphics_id": "OBJ_EVENT_GFX_SAILOR",
      "x": 15,
      "y": 17,
      "elevation": 4,
      "movement_type": "MOVEMENT_TYPE_FACE_DOWN",
      "movement_range_x": 0,
      "movement_range_y": 0,
      "trainer_type": "TRAINER_TYPE_NORMAL",
      "trainer_sight_or_berry_tree_id": "1",
      "script": "Route109_EventScript_Huey",
      "flag": "0"
    },
    {
      "graphics_id": "OBJ_EVENT_GFX_SAILOR",
      "x": 24,
      "y": 13,
      "elevation": 3,
      "movement_type": "MOVEMENT_TYPE_FACE_LEFT",
      "movement_range_x": 0,
      "movement_range_y": 0,
      "trainer_type": "TRAINER_TYPE_NORMAL",
      "trainer_sight_or_berry_tree_id": "6",
      "script": "Route109_EventScript_Edmond",
      "flag": "0"
    },
    {
      "graphics_id": "OBJ_EVENT_GFX_TUBER_M",
      "x": 19,
      "y": 10,
      "elevation": 3,
      "movement_type": "MOVEMENT_TYPE_FACE_DOWN",
      "movement_range_x": 0,
      "movement_range_y": 0,
      "trainer_type": "TRAINER_TYPE_NORMAL",
      "trainer_sight_or_berry_tree_id": "3",
      "script": "Route109_EventScript_Ricky",
      "flag": "0"
    },
    {
      "graphics_id": "OBJ_EVENT_GFX_TUBER_F",
      "x": 22,
      "y": 7,
      "elevation": 3,
      "movement_type": "MOVEMENT_TYPE_WALK_SLOWLY_IN_PLACE_RIGHT",
      "movement_range_x": 0,
      "movement_range_y": 0,
      "trainer_type": "TRAINER_TYPE_NORMAL",
      "trainer_sight_or_berry_tree_id": "4",
      "script": "Route109_EventScript_Lola",
      "flag": "0"
    },
    {
      "graphics_id": "OBJ_EVENT_GFX_LITTLE_GIRL",
      "x": 11,
      "y": 6,
      "elevation": 3,
      "movement_type": "MOVEMENT_TYPE_FACE_DOWN",
      "movement_range_x": 0,
      "movement_range_y": 0,
      "trainer_type": "TRAINER_TYPE_NONE",
      "trainer_sight_or_berry_tree_id": "0",
      "script": "Route109_EventScript_SeashoreHouseGirl",
      "flag": "0"
    },
    {
      "graphics_id": "OBJ_EVENT_GFX_ITEM_BALL",
      "x": 27,
      "y": 46,
      "elevation": 3,
      "movement_type": "MOVEMENT_TYPE_LOOK_AROUND",
      "movement_range_x": 0,
      "movement_range_y": 0,
      "trainer_type": "TRAINER_TYPE_NONE",
      "trainer_sight_or_berry_tree_id": "0",
      "script": "Route109_EventScript_ItemPPUp",
      "flag": "FLAG_ITEM_ROUTE_109_PP_UP"
    },
    {
      "graphics_id": "OBJ_EVENT_GFX_TUBER_F",
      "x": 29,
      "y": 32,
      "elevation": 3,
      "movement_type": "MOVEMENT_TYPE_FACE_DOWN_AND_UP",
      "movement_range_x": 0,
      "movement_range_y": 0,
      "trainer_type": "TRAINER_TYPE_NORMAL",
      "trainer_sight_or_berry_tree_id": "3",
      "script": "Route109_EventScript_Gwen",
      "flag": "0"
    },
    {
      "graphics_id": "OBJ_EVENT_GFX_TUBER_F",
      "x": 28,
      "y": 31,
      "elevation": 3,
      "movement_type": "MOVEMENT_TYPE_FACE_DOWN_AND_LEFT",
      "movement_range_x": 0,
      "movement_range_y": 0,
      "trainer_type": "TRAINER_TYPE_NORMAL",
      "trainer_sight_or_berry_tree_id": "3",
      "script": "Route109_EventScript_Austina",
      "flag": "0"
    },
    {
      "graphics_id": "OBJ_EVENT_GFX_FISHERMAN",
      "x": 21,
      "y": 56,
      "elevation": 0,
      "movement_type": "MOVEMENT_TYPE_FACE_LEFT",
      "movement_range_x": 0,
      "movement_range_y": 0,
      "trainer_type": "TRAINER_TYPE_NORMAL",
      "trainer_sight_or_berry_tree_id": "3",
      "script": "Route109_EventScript_Carter",
      "flag": "0"
    },
    {
      "graphics_id": "OBJ_EVENT_GFX_TUBER_M",
      "x": 24,
      "y": 18,
      "elevation": 3,
      "movement_type": "MOVEMENT_TYPE_FACE_RIGHT",
      "movement_range_x": 1,
      "movement_range_y": 1,
      "trainer_type": "TRAINER_TYPE_NONE",
      "trainer_sight_or_berry_tree_id": "0",
      "script": "Route109_EventScript_SandCastleBoy",
      "flag": "0"
    },
    {
      "graphics_id": "OBJ_EVENT_GFX_TUBER_F",
      "x": 25,
      "y": 18,
      "elevation": 3,
      "movement_type": "MOVEMENT_TYPE_FACE_LEFT",
      "movement_range_x": 1,
      "movement_range_y": 1,
      "trainer_type": "TRAINER_TYPE_NONE",
      "trainer_sight_or_berry_tree_id": "0",
      "script": "Route109_EventScript_SoftSandGirl",
      "flag": "0"
    },
    {
      "graphics_id": "OBJ_EVENT_GFX_POKEFAN_F",
      "x": 30,
      "y": 32,
      "elevation": 3,
      "movement_type": "MOVEMENT_TYPE_FACE_DOWN",
      "movement_range_x": 1,
      "movement_range_y": 1,
      "trainer_type": "TRAINER_TYPE_NONE",
      "trainer_sight_or_berry_tree_id": "0",
      "script": "Route109_EventScript_Woman",
      "flag": "0"
    },
    {
      "graphics_id": "OBJ_EVENT_GFX_WOMAN_4",
      "x": 8,
      "y": 41,
      "elevation": 3,
      "movement_type": "MOVEMENT_TYPE_FACE_DOWN",
      "movement_range_x": 1,
      "movement_range_y": 1,
      "trainer_type": "TRAINER_TYPE_NORMAL",
      "trainer_sight_or_berry_tree_id": "1",
      "script": "Route109_EventScript_Mel",
      "flag": "0"
    },
    {
      "graphics_id": "OBJ_EVENT_GFX_MAN_4",
      "x": 9,
      "y": 41,
      "elevation": 3,
      "movement_type": "MOVEMENT_TYPE_FACE_DOWN",
      "movement_range_x": 1,
      "movement_range_y": 1,
      "trainer_type": "TRAINER_TYPE_NORMAL",
      "trainer_sight_or_berry_tree_id": "1",
      "script": "Route109_EventScript_Paul",
      "flag": "0"
    },
    {
      "graphics_id": "OBJ_EVENT_GFX_OLD_MAN",
      "x": 33,
      "y": 6,
      "elevation": 3,
      "movement_type": "MOVEMENT_TYPE_LOOK_AROUND",
      "movement_range_x": 1,
      "movement_range_y": 1,
      "trainer_type": "TRAINER_TYPE_NONE",
      "trainer_sight_or_berry_tree_id": "0",
      "script": "Route109_EventScript_OldMan",
      "flag": "0"
    },
    {
      "graphics_id": "OBJ_EVENT_GFX_ZIGZAGOON_2",
      "x": 32,
      "y": 6,
      "elevation": 3,
      "movement_type": "MOVEMENT_TYPE_LOOK_AROUND",
      "movement_range_x": 1,
      "movement_range_y": 1,
      "trainer_type": "TRAINER_TYPE_NONE",
      "trainer_sight_or_berry_tree_id": "0",
      "script": "Route109_EventScript_Zigzagoon",
      "flag": "0"
    },
    {
      "graphics_id": "OBJ_EVENT_GFX_TUBER_F",
      "x": 17,
      "y": 13,
      "elevation": 3,
      "movement_type": "MOVEMENT_TYPE_WALK_SLOWLY_IN_PLACE_RIGHT",
      "movement_range_x": 1,
      "movement_range_y": 1,
      "trainer_type": "TRAINER_TYPE_NORMAL",
      "trainer_sight_or_berry_tree_id": "6",
      "script": "Route109_EventScript_Hailey",
      "flag": "0"
    },
    {
      "graphics_id": "OBJ_EVENT_GFX_TUBER_M",
      "x": 27,
      "y": 7,
      "elevation": 3,
      "movement_type": "MOVEMENT_TYPE_WALK_SLOWLY_IN_PLACE_LEFT",
      "movement_range_x": 1,
      "movement_range_y": 1,
      "trainer_type": "TRAINER_TYPE_NORMAL",
      "trainer_sight_or_berry_tree_id": "4",
      "script": "Route109_EventScript_Chandler",
      "flag": "0"
    },
    {
      "graphics_id": "OBJ_EVENT_GFX_ITEM_BALL",
      "x": 25,
      "y": 6,
      "elevation": 3,
      "movement_type": "MOVEMENT_TYPE_LOOK_AROUND",
      "movement_range_x": 1,
      "movement_range_y": 1,
      "trainer_type": "TRAINER_TYPE_NONE",
      "trainer_sight_or_berry_tree_id": "0",
      "script": "Route109_EventScript_ItemPotion",
      "flag": "FLAG_ITEM_ROUTE_109_POTION"
    },
    {
      "graphics_id": "OBJ_EVENT_GFX_MAN_5",
      "x": 17,
      "y": 56,
      "elevation": 3,
      "movement_type": "MOVEMENT_TYPE_WALK_SLOWLY_IN_PLACE_RIGHT",
      "movement_range_x": 1,
      "movement_range_y": 1,
      "trainer_type": "TRAINER_TYPE_NORMAL",
      "trainer_sight_or_berry_tree_id": "3",
      "script": "Route109_EventScript_Elijah",
      "flag": "0"
    }
  ],
  "warp_events": [
    {
      "x": 12,
      "y": 5,
      "elevation": 0,
      "dest_map": "MAP_ROUTE109_SEASHORE_HOUSE",
      "dest_warp_id": "0"
    }
  ],
  "coord_events": [],
  "bg_events": [
    {
      "type": "sign",
      "x": 15,
      "y": 5,
      "elevation": 0,
      "player_facing_dir": "BG_EVENT_PLAYER_FACING_ANY",
      "script": "Route109_EventScript_SeashoreHouseSign"
    },
    {
      "type": "sign",
      "x": 29,
      "y": 10,
      "elevation": 3,
      "player_facing_dir": "BG_EVENT_PLAYER_FACING_ANY",
      "script": "Route109_EventScript_TrainerTipsSign"
    },
    {
      "type": "hidden_item",
      "x": 16,
      "y": 23,
      "elevation": 3,
      "item": "ITEM_REVIVE",
      "flag": "FLAG_HIDDEN_ITEM_ROUTE_109_REVIVE"
    },
    {
      "type": "hidden_item",
      "x": 33,
      "y": 5,
      "elevation": 3,
      "item": "ITEM_HEART_SCALE",
      "flag": "FLAG_HIDDEN_ITEM_ROUTE_109_HEART_SCALE_1"
    },
    {
      "type": "hidden_item",
      "x": 9,
      "y": 10,
      "elevation": 3,
      "item": "ITEM_GREAT_BALL",
      "flag": "FLAG_HIDDEN_ITEM_ROUTE_109_GREAT_BALL"
    },
    {
      "type": "hidden_item",
      "x": 28,
      "y": 20,
      "elevation": 3,
      "item": "ITEM_ETHER",
      "flag": "FLAG_HIDDEN_ITEM_ROUTE_109_ETHER"
    },
    {
      "type": "hidden_item",
      "x": 13,
      "y": 16,
      "elevation": 3,
      "item": "ITEM_HEART_SCALE",
      "flag": "FLAG_HIDDEN_ITEM_ROUTE_109_HEART_SCALE_2"
    },
    {
      "type": "hidden_item",
      "x": 8,
      "y": 42,
      "elevation": 3,
      "item": "ITEM_HEART_SCALE",
      "flag": "FLAG_HIDDEN_ITEM_ROUTE_109_HEART_SCALE_3"
    }
  ]
}
