{
  "id": "MAP_BATTLE_FRONTIER_BATTLE_PYRAMID_LOBBY",
  "name": "BattleFrontier_BattlePyramidLobby",
  "layout": "LAYOUT_BATTLE_FRONTIER_BATTLE_PYRAMID_LOBBY",
  "music": "MUS_B_PYRAMID",
  "region_map_section": "MAPSEC_BATTLE_FRONTIER",
  "requires_flash": false,
  "weather": "WEATHER_NONE",
  "map_type": "MAP_TYPE_INDOOR",
  "allow_cycling": false,
  "allow_escaping": false,
  "allow_running": false,
  "show_map_name": false,
  "battle_scene": "MAP_BATTLE_SCENE_NORMAL",
  "connections": null,
  "object_events": [
    {
      "local_id": "LOCALID_PYRAMID_LOBBY_ATTENDANT",
      "graphics_id": "OBJ_EVENT_GFX_HIKER",
      "x": 7,
      "y": 12,
      "elevation": 4,
      "movement_type": "MOVEMENT_TYPE_FACE_DOWN",
      "movement_range_x": 1,
      "movement_range_y": 1,
      "trainer_type": "TRAINER_TYPE_NONE",
      "trainer_sight_or_berry_tree_id": "0",
      "script": "BattleFrontier_BattlePyramidLobby_EventScript_Attendant",
      "flag": "0"
    },
    {
      "local_id": "LOCALID_PYRAMID_LOBBY_HINT_GIVER",
      "graphics_id": "OBJ_EVENT_GFX_HEX_MANIAC",
      "x": 14,
      "y": 13,
      "elevation": 4,
      "movement_type": "MOVEMENT_TYPE_FACE_LEFT",
      "movement_range_x": 1,
      "movement_range_y": 1,
      "trainer_type": "TRAINER_TYPE_NONE",
      "trainer_sight_or_berry_tree_id": "0",
      "script": "BattleFrontier_BattlePyramidLobby_EventScript_HintGiver",
      "flag": "0"
    },
    {
      "graphics_id": "OBJ_EVENT_GFX_WOMAN_3",
      "x": 2,
      "y": 15,
      "elevation": 4,
      "movement_type": "MOVEMENT_TYPE_WANDER_AROUND",
      "movement_range_x": 1,
      "movement_range_y": 1,
      "trainer_type": "TRAINER_TYPE_NONE",
      "trainer_sight_or_berry_tree_id": "0",
      "script": "BattleFrontier_BattlePyramidLobby_EventScript_Woman",
      "flag": "0"
    },
    {
      "graphics_id": "OBJ_EVENT_GFX_FAT_MAN",
      "x": 12,
      "y": 16,
      "elevation": 4,
      "movement_type": "MOVEMENT_TYPE_WANDER_AROUND",
      "movement_range_x": 1,
      "movement_range_y": 1,
      "trainer_type": "TRAINER_TYPE_NONE",
      "trainer_sight_or_berry_tree_id": "0",
      "script": "BattleFrontier_BattlePyramidLobby_EventScript_FatMan",
      "flag": "0"
    }
  ],
  "warp_events": [
    {
      "x": 7,
      "y": 17,
      "elevation": 4,
      "dest_map": "MAP_BATTLE_FRONTIER_OUTSIDE_EAST",
      "dest_warp_id": "3"
    }
  ],
  "coord_events": [],
  "bg_events": [
    {
      "type": "sign",
      "x": 5,
      "y": 12,
      "elevation": 0,
      "player_facing_dir": "BG_EVENT_PLAYER_FACING_NORTH",
      "script": "BattleFrontier_BattlePyramidLobby_EventScript_ShowResults"
    },
    {
      "type": "sign",
      "x": 1,
      "y": 12,
      "elevation": 0,
      "player_facing_dir": "BG_EVENT_PLAYER_FACING_ANY",
      "script": "BattleFrontier_BattlePyramidLobby_EventScript_RulesBoard"
    }
  ]
}
